Threads,Time_sec
1,0.056047
2,0.030221
4,0.030961
8,0.019576
12,0.020971
16,0.020330
18,0.023373
20,0.020152
