Threads,Time_sec
1,0.040935
2,0.031549
4,0.016668
8,0.013379
12,0.015952
16,0.014477
18,0.015435
20,0.015538
